2,5,anomaly,normal
1.0,0.000000,192.168,134.68,0.1,1
2.0,0.608103,134.68,192.168,0.1,1
3.0,0.608301,192.168,133.65,0.1,0