No.,Time,Source,Destination,Proto
1,0.000000,192.168.1.2,134.68.220.74,RSYNC
2,0.608103,134.68.220.74,192.168.1.2,RSYNC
3,0.608301,134.68.220.75,192.168.1.3,RSYNC