2,5,anomaly,normal
1.0,0.000000,192.188,134.58,0.1,1
2.0,0.608103,134.58,192.198,0.1,0