2,5,anomaly,normal
1s,0.000000s,192.168.1.2,134.68.220.74,RSYNC,1
2s,0.608103s,134.48.220.74,193.168.1.2,RSYNC,0
3s,0.608301s,192.168.1.2,134.68.230.74,RSYNC,1