2, 5, anomaly, normal
1.0,0.0,3232235778.0,2252659786.0,0.1,1
2.0,0.608103,2252659786.0,3232235778.0,0.1,1
3.0,0.608301,3232235778.0,2252659786.0,0.1,1